Full name of airlines	Country	Headquarters	Type	Plane fleet	Stationery workers	Length of contract	Contact email address	Contract's yearly stake in 000 $
Copeland-Robinson Airlines	Peru	Hallside	ULCC	48	31	8	rebecca94@adams-watson.info	218
Miller, Maynard and Butler Airlines	Cuba	Jordanfurt	LCC	48	36	11	ryanlaura@yahoo.com	352
Hickman, White and Harding Airlines	Cyprus	Lake Steven	LCC	32	27	11	ekennedy@gmail.com	331
Wright, Hodges and Baker Airlines	Belize	Ortegafurt	Legacy	26	40	10	qjohnson@hotmail.com	226
Yoder, Robles and Sosa Airlines	Jamaica	South William	Legacy	46	19	1	twalton@gmail.com	252
Bradley-Hall Airlines	Thailand	North Dana	ULCC	45	21	6	acampos@gmail.com	569
Johnson Ltd Airlines	Iran	New Emily	ULCC	42	30	10	zflores@hotmail.com	511
Nichols PLC Airlines	Benin	Kellyhaven	Legacy	22	20	4	mathewsronald@yahoo.com	403
Craig, Burke and Stark Airlines	Malaysia	East Johntown	LCC	39	38	10	crosswilliam@yahoo.com	327
Lawrence, Young and Powell Airlines	Tanzania	Wyattmouth	Legacy	39	17	9	lopezdavid@rogers-smith.com	69
Molina, Wong and Sawyer Airlines	Papua New Guinea	North Amyborough	LCC	35	40	12	gordonjohn@flores-ramos.com	67
Murphy, Walker and Huffman Airlines	Nepal	Anthonyport	Legacy	24	34	5	qgonzalez@hotmail.com	597
Carter, Smith and Huffman Airlines	Mongolia	North Karen	ULCC	26	35	11	brent08@berry-tran.com	170
Swanson, Avery and Navarro Airlines	Lithuania	Port Ryan	ULCC	49	29	14	wberger@yahoo.com	354
Anderson, Haney and Caldwell Airlines	Sierra Leone	Lake Danielstad	LCC	37	27	10	melissacarson@munoz-smith.net	174
Williams and Sons Airlines	Uganda	Stacychester	LCC	27	31	1	katherinejones@white.com	304
Keller-Frazier Airlines	Antarctica (the territory South of 60 deg S)	Millerbury	ULCC	39	26	12	melissarichardson@hotmail.com	487
Fleming, Sanders and Paul Airlines	Lithuania	Nicholasmouth	ULCC	42	35	14	stephanie57@gmail.com	258
Rodriguez, Lewis and Blackburn Airlines	Benin	Williamchester	ULCC	45	34	4	david52@gmail.com	532
Richardson, Booth and Ruiz Airlines	Niger	Paulaport	LCC	48	33	2	billyrichardson@cole.net	551
Harrison-Johnson Airlines	Kazakhstan	Georgefurt	Legacy	48	22	11	downschristopher@hotmail.com	206
Bentley-Green Airlines	Norway	Port Gary	LCC	46	15	13	gmichael@hotmail.com	73
Baker-Owen Airlines	Madagascar	New Christophershire	ULCC	49	32	12	shelbydennis@taylor.com	504
Clay Group Airlines	Tunisia	Lewisport	LCC	44	24	15	john05@taylor-newton.com	236
Freeman, Mcintosh and Thomas Airlines	Malawi	Dayville	LCC	24	39	14	reyeskevin@yahoo.com	496
Carroll, Jenkins and Miller Airlines	Macao	Jacksonborough	Legacy	28	17	1	stanleyscott@gmail.com	526
Taylor LLC Airlines	Cocos (Keeling) Islands	Mcleanside	LCC	41	32	5	scott74@shelton.com	597
Davis-Newman Airlines	China	Stephaniechester	LCC	47	21	15	kjohnson@whitney-price.net	257
Frederick, Dixon and Ramirez Airlines	Niue	Connieville	ULCC	35	19	1	riveramark@gmail.com	156
Bridges, Johnson and Cummings Airlines	El Salvador	Micheleshire	ULCC	22	27	13	allison84@moore.com	150
Clark and Sons Airlines	Central African Republic	South Jonathanside	Legacy	38	17	14	pjennings@thomas-patrick.com	146
Allen, Hall and Vance Airlines	Mayotte	Bartontown	Legacy	50	27	5	uboyd@gmail.com	215
White, Koch and Craig Airlines	Malawi	Lake Kevinberg	LCC	46	28	15	daniellekramer@smith-sherman.com	548
Baker, Rose and Parrish Airlines	Micronesia	New Donald	ULCC	36	27	2	kcollins@mcgrath.org	55
Bean PLC Airlines	Myanmar	New Jacqueline	ULCC	37	36	7	xgraham@paul.com	564
Hicks-Smith Airlines	Finland	New Carrie	Legacy	37	15	14	ann84@mckinney.com	203
Baker LLC Airlines	Peru	Fowlerfurt	LCC	35	36	5	benderamy@jones-martin.org	523
Taylor, Hatfield and Hogan Airlines	Ecuador	South Laura	ULCC	40	32	8	cindy77@hotmail.com	541
Yang-Weaver Airlines	Guyana	Lake Matthew	ULCC	50	31	1	harrislee@hotmail.com	566
Spencer, Simmons and Collins Airlines	Saint Helena	New Samuelberg	Legacy	31	23	7	lrandall@stone.net	585
Nelson, Branch and Mcconnell Airlines	Uzbekistan	North Thomaschester	LCC	26	16	4	hoffmanbrad@gmail.com	447
Evans Inc Airlines	French Polynesia	Port Yvonne	LCC	39	40	3	olivia52@nelson.com	407
Hancock-Howell Airlines	United Arab Emirates	Karabury	Legacy	50	16	12	brownrhonda@yahoo.com	300
Mckinney PLC Airlines	Sri Lanka	Richardsonburgh	Legacy	41	32	3	murrayvictoria@hotmail.com	415
Bartlett PLC Airlines	Faroe Islands	Lake Matthew	LCC	42	20	2	elizabethprice@valdez-malone.com	183
Williams LLC Airlines	Jersey	Pattersonbury	ULCC	50	18	1	kimberly87@hotmail.com	415
Alvarez-Castillo Airlines	Chad	East Maryfurt	LCC	42	24	6	gerald11@yahoo.com	103
Harper LLC Airlines	Sri Lanka	Popemouth	LCC	31	34	4	rogersbrian@lambert.org	466
Miller, Wilson and Jenkins Airlines	Turkey	Joshuaborough	Legacy	21	37	10	ezhang@shaw.com	392
Johnson, Kirby and Robertson Airlines	Uganda	Landryville	Legacy	42	38	11	ymartinez@nguyen.org	344
Torres Group Airlines	Cameroon	Cameronton	ULCC	49	21	10	hansonscott@hotmail.com	267
Gay-Macdonald Airlines	El Salvador	Stephanieside	LCC	39	37	12	joshua09@cruz.com	366
Vasquez and Sons Airlines	Solomon Islands	New Bradmouth	ULCC	43	25	11	chapmanjulie@payne.com	484
Ellis LLC Airlines	Malawi	Knoxborough	ULCC	27	30	3	daviddiaz@watson.com	85
Russell-Kirby Airlines	Kazakhstan	Victorport	LCC	35	31	10	benjamin15@turner.com	270
Campbell-Smith Airlines	Trinidad and Tobago	New Hollyberg	ULCC	34	17	4	martinezlisa@gmail.com	525
Good, Martin and Lloyd Airlines	Tanzania	Wrightshire	LCC	47	15	11	mscott@hotmail.com	599
Webb-Bailey Airlines	Algeria	Lake Michaelland	LCC	22	21	5	yhoward@johnson-west.net	347
Huffman LLC Airlines	Guadeloupe	West Jamesberg	Legacy	24	16	9	millerbrett@gmail.com	235
Marks, Diaz and Park Airlines	Monaco	Robersonville	ULCC	22	21	8	tvaughan@yahoo.com	95
Rogers-Chandler Airlines	British Indian Ocean Territory (Chagos Archipelago)	Lake Randyton	ULCC	31	40	1	michaeldouglas@castillo.com	174
Stafford-Richardson Airlines	Svalbard & Jan Mayen Islands	Boydborough	ULCC	38	18	12	ramossteven@yahoo.com	52
Campos LLC Airlines	Vietnam	Wilsonfurt	LCC	39	19	14	brian39@gmail.com	457
Davis and Sons Airlines	Central African Republic	Joycebury	ULCC	25	24	7	banderson@yahoo.com	456
West LLC Airlines	Panama	South Abigail	ULCC	46	24	4	donna64@kelley.info	205
Moody-Gray Airlines	Benin	North David	Legacy	31	40	7	cochoa@davis-jordan.com	528
Robinson-Wolf Airlines	United Arab Emirates	Campbellfort	Legacy	50	17	1	kgross@hotmail.com	369
Thomas Group Airlines	Turkey	Colleenstad	ULCC	26	28	11	molly81@smith.com	270
Taylor, Baldwin and Hernandez Airlines	Timor-Leste	Reidland	Legacy	36	40	6	ronald18@yahoo.com	548
Parker LLC Airlines	American Samoa	Ericview	ULCC	46	31	15	twright@atkins.com	406
Williams-Gonzales Airlines	Antarctica (the territory South of 60 deg S)	Pamelaside	Legacy	25	39	8	jmcclain@francis.com	72
Moore-Chung Airlines	Saint Pierre and Miquelon	South Erinmouth	LCC	21	28	4	yhess@simmons-hernandez.org	400
Rubio, Burke and Ruiz Airlines	Papua New Guinea	East Michellestad	Legacy	45	19	9	dcuevas@yahoo.com	84
Weeks-Davis Airlines	United Kingdom	North Matthew	Legacy	39	38	11	yvette58@yahoo.com	204
Hernandez, Gonzalez and Schaefer Airlines	Marshall Islands	New Kevin	LCC	21	40	7	mccarthykeith@yahoo.com	516
Frye, Hanson and Hickman Airlines	Heard Island and McDonald Islands	West Erica	ULCC	38	26	6	joann13@anderson.com	561
Elliott, Lopez and Luna Airlines	Faroe Islands	West Timothychester	LCC	41	29	4	isabel06@yahoo.com	456
Roberts-Brooks Airlines	Belgium	West Seth	Legacy	21	38	14	thomasgraves@gmail.com	218
Mcconnell Group Airlines	Poland	Port Dominicland	LCC	31	29	2	jason75@davis.biz	428
Gould, Decker and Marquez Airlines	Croatia	East Peterport	ULCC	33	19	3	zroman@hotmail.com	75
Myers-Briggs Airlines	Cyprus	Clinefurt	LCC	25	27	1	mgreen@gmail.com	78
Hunt LLC Airlines	Australia	Valerieberg	Legacy	38	39	6	johnathan07@hansen.com	238
Washington-Pierce Airlines	Morocco	Lowerytown	ULCC	39	15	4	josephlopez@gmail.com	67
Fitzgerald, Ball and Hernandez Airlines	Samoa	Aprilville	Legacy	47	26	3	jenniferlopez@hotmail.com	289
Johnson, Wright and Rodriguez Airlines	Mongolia	Hollowayhaven	Legacy	21	31	9	vanessamora@gmail.com	94
Mitchell, Vargas and Strickland Airlines	United States Virgin Islands	Wagnerview	Legacy	30	19	15	efigueroa@brown-mcdonald.com	400
Johnson-Price Airlines	Dominica	Duranmouth	ULCC	44	34	5	brianrogers@gmail.com	123
Lucero PLC Airlines	Sweden	New Karenview	LCC	21	38	2	adamschristina@yahoo.com	306
Jordan-Curtis Airlines	Saudi Arabia	Port Shellyview	LCC	33	30	2	martinnicholas@williams.com	245
Caldwell, Martinez and Lopez Airlines	Singapore	South Michael	Legacy	24	37	2	bridgethuang@horton.com	551
Moon PLC Airlines	Uganda	Jonesmouth	Legacy	28	20	10	crystal11@powell.com	489
Sullivan, Martin and Morris Airlines	Georgia	East Andrea	LCC	42	37	14	aleach@hotmail.com	283
Adkins-Rodriguez Airlines	Nicaragua	Weeksland	ULCC	50	17	7	sotolisa@gmail.com	429
Anderson-Davies Airlines	Barbados	Howeton	Legacy	38	34	4	kellyzachary@hotmail.com	394
Davis-Davis Airlines	Greenland	Port Ronaldberg	Legacy	22	40	1	johnpatton@wolf-matthews.com	231
Rhodes PLC Airlines	Cote d'Ivoire	Lake Jodihaven	ULCC	22	40	9	qolson@gonzalez-thomas.com	504
Gonzalez, Sutton and Sutton Airlines	Comoros	Chadfort	LCC	42	24	14	mgreen@poole.com	61
Flores, Aguirre and Rodriguez Airlines	British Indian Ocean Territory (Chagos Archipelago)	West Ashley	Legacy	40	27	13	loweeduardo@nichols.com	187
Howard, Robertson and Hamilton Airlines	Anguilla	Emilystad	LCC	23	31	15	andersonsarah@clayton.com	231
Fernandez LLC Airlines	Solomon Islands	Portermouth	Legacy	49	32	5	gravesadam@terrell.com	313
Ryan, Smith and Francis Airlines	Georgia	West Hannah	LCC	32	32	12	christopherwaters@liu.net	113
Perry, Harding and Baker Airlines	British Virgin Islands	Jamietown	Legacy	25	19	12	afields@mann.com	476
Jones LLC Airlines	Antigua and Barbuda	Emmafurt	Legacy	35	35	12	tiffanymann@hotmail.com	342
Hughes, Wallace and Shaffer Airlines	Sweden	Victorberg	LCC	29	28	4	tracey60@baker-thomas.com	573
Hughes, Delgado and Brooks Airlines	Thailand	Michellestad	Legacy	31	35	8	shawnbriggs@bean.com	536
Simmons, Huerta and Shannon Airlines	Liberia	Reyesfort	LCC	50	35	15	eperez@gmail.com	332
Fleming, Arroyo and Moore Airlines	Maldives	Lake Jamesmouth	Legacy	20	20	3	klin@peterson.com	354
Jackson Inc Airlines	Burkina Faso	West Meredith	ULCC	32	27	14	johnsonlisa@gmail.com	546
Mack Ltd Airlines	Canada	Maryville	LCC	49	15	4	ericaschultz@yahoo.com	390
Williams, Day and Maldonado Airlines	Chad	Richmouth	Legacy	39	24	12	paul17@robinson-knight.com	541
Chase Group Airlines	Mauritania	Lake Tamaramouth	ULCC	48	37	5	warecourtney@martinez.com	452
Reyes Inc Airlines	Congo	Burnschester	Legacy	40	35	9	istevens@gmail.com	104
Butler-Hudson Airlines	Tanzania	Milesborough	Legacy	45	18	12	watersalejandro@keith.com	464
Martinez and Sons Airlines	Seychelles	Mortonhaven	Legacy	25	16	2	erica77@warren.com	454
Heath-Day Airlines	Belgium	Lake Evelyn	Legacy	24	24	3	christinecurry@mitchell-miller.biz	596
Larsen and Sons Airlines	Guam	New Katelynburgh	LCC	50	29	15	adamriggs@whitaker-mills.com	171
Reyes, Harvey and Chavez Airlines	Guinea-Bissau	Samuelborough	ULCC	47	20	10	jillglover@hoffman.com	304
Sutton Ltd Airlines	El Salvador	Tylerfurt	LCC	28	19	14	grant11@doyle.info	417
Rios, Novak and Duncan Airlines	Lesotho	New Emily	Legacy	40	22	7	garciarhonda@fuller-greene.com	501
Clark LLC Airlines	Rwanda	Jimenezport	LCC	24	17	6	asexton@moran-barnes.com	516
Barnes, Shaw and Wheeler Airlines	Malaysia	Tamaraton	Legacy	45	28	10	sandraburns@yahoo.com	271
Hall Inc Airlines	Israel	East Johnnyfort	Legacy	33	29	15	grahammichael@mccormick.com	312
Taylor, Clark and Shaffer Airlines	Uruguay	Charlesport	LCC	33	33	11	joshuabullock@gmail.com	253
Dickson, Rose and Frazier Airlines	Venezuela	North Leeview	Legacy	42	40	4	omar32@walton.com	62
Carson PLC Airlines	Argentina	Kaylatown	ULCC	48	38	9	crystalwilliams@peterson.com	130
Porter LLC Airlines	Iran	Tylermouth	LCC	44	16	5	rachaelwilkerson@tran.com	350
Webster-Hayes Airlines	Tanzania	Salasshire	ULCC	48	32	7	emily93@yahoo.com	241
Flynn LLC Airlines	Mauritania	Morenoberg	LCC	26	21	11	tateian@hotmail.com	376
Turner, Banks and Walker Airlines	Guernsey	Lake Alicia	ULCC	50	37	7	trevinojose@thomas.com	595
White Ltd Airlines	Saudi Arabia	Chasemouth	ULCC	36	29	3	smithrichard@yahoo.com	330
Rodriguez, Warner and Fisher Airlines	Bahamas	South Malloryside	LCC	46	39	15	alexisrice@gmail.com	511
Meyer, Taylor and Johnson Airlines	Northern Mariana Islands	Port Kevin	Legacy	37	18	3	tmcguire@hotmail.com	493
Fritz Group Airlines	Cook Islands	New Jessicaview	ULCC	20	18	14	xrivera@gmail.com	394
Carter Ltd Airlines	Singapore	Randolphchester	LCC	48	18	10	mhuang@gmail.com	250
Tran, Mcclure and Alvarez Airlines	Barbados	Wrightfort	Legacy	39	32	13	michaellewis@gmail.com	319
Johnson, Woods and White Airlines	Solomon Islands	Carpentermouth	ULCC	26	26	15	timothy95@wolfe.org	202
York-Peterson Airlines	Cuba	South Nicolestad	LCC	40	18	10	singletondaryl@gmail.com	270
Jones, Dawson and Cooper Airlines	Costa Rica	East Susan	Legacy	25	27	2	kristinedawson@hotmail.com	363
Johnson-Mitchell Airlines	Yemen	South Ryan	Legacy	47	26	13	susanhuang@gmail.com	333
Mccarthy and Sons Airlines	Malta	South Xavier	Legacy	41	18	11	macksteve@hotmail.com	560
Garcia Ltd Airlines	Guam	Donaldmouth	ULCC	30	37	12	carolfarley@gmail.com	493
Romero-Hopkins Airlines	Swaziland	Deborahmouth	Legacy	38	40	3	gwilson@schroeder.org	74
Mathews Ltd Airlines	Lebanon	North Cindy	LCC	27	17	4	davisbrianna@stanley.com	62
Davis, Garcia and Frye Airlines	Saint Barthelemy	North Cynthiaport	Legacy	49	25	12	christinaadams@gmail.com	366
Conrad-West Airlines	British Virgin Islands	Jonesberg	ULCC	25	19	9	tboyle@golden.com	484
Brady, Mclaughlin and Brown Airlines	Andorra	Watkinsville	ULCC	41	28	12	nevans@hotmail.com	445
Valdez, Mahoney and Romero Airlines	Niue	Mcgeestad	ULCC	38	32	6	alexander64@gmail.com	352
Lopez-Haas Airlines	Qatar	South Kyle	LCC	36	39	5	garzarichard@blackburn.com	55
York, Weiss and Garner Airlines	Norway	North Christopherport	Legacy	35	25	2	angela37@gmail.com	109
Parker, Lee and Osborne Airlines	Nicaragua	Santosshire	ULCC	22	30	2	luis82@flores.com	137
Meadows Ltd Airlines	Denmark	South Daniellemouth	LCC	34	25	9	donald49@barber-garcia.com	251
Strickland PLC Airlines	Mayotte	Amandastad	LCC	26	15	2	cheyenneclark@yahoo.com	386
Soto, Mcgee and Flores Airlines	Congo	Rodriguezberg	Legacy	42	27	12	kennethjones@hotmail.com	485
Hendricks-Ortega Airlines	Maldives	Lake Aaronborough	Legacy	28	23	9	dixonamy@oconnor.com	136
Adams-Mccoy Airlines	Jamaica	South Stevenstad	LCC	44	35	8	ambermacdonald@yahoo.com	199
House-Bullock Airlines	Nigeria	North Tammie	LCC	25	15	11	hilljason@mitchell.com	265
George and Sons Airlines	Western Sahara	Millerstad	LCC	29	35	14	harolddavidson@yahoo.com	99
Collins, Edwards and Williams Airlines	Ecuador	Lake Justin	Legacy	31	36	5	sheilabryant@hensley.com	212
Perry-Steele Airlines	Macao	Jacksonbury	Legacy	39	20	15	donna94@gmail.com	460
Butler and Sons Airlines	Cote d'Ivoire	South Alexandrialand	LCC	39	15	10	hodgesdaniel@tyler.com	415
Mccarty Inc Airlines	Bangladesh	North Carlaport	Legacy	33	35	10	timothy41@blackburn.com	566
Mosley Inc Airlines	Finland	West Tammy	Legacy	39	24	7	stevengomez@estes-day.com	65
Martinez Ltd Airlines	Swaziland	Port Robertville	ULCC	22	27	6	cheryltaylor@parks.com	291
Cox-Mendoza Airlines	Cambodia	Clarkton	ULCC	29	25	4	yparker@lambert-nelson.org	118
Lopez PLC Airlines	Colombia	Kathrynport	Legacy	36	18	11	tlutz@evans.com	108
Pham, Kennedy and Middleton Airlines	Palau	South Kelly	LCC	46	35	9	iperkins@hotmail.com	595
Ross-Powers Airlines	Cayman Islands	East Triciaburgh	Legacy	35	35	3	jackdiaz@hotmail.com	261
Briggs, Rojas and Mitchell Airlines	Nicaragua	Port Richardborough	LCC	30	40	4	aallen@gonzalez.com	310
Newman Group Airlines	Kazakhstan	Kellibury	LCC	39	32	11	mgarcia@parsons.com	521
Morales-Thompson Airlines	Kuwait	Alvaradoview	LCC	47	26	7	todd19@yahoo.com	177
Glover-Johnson Airlines	Western Sahara	North Mariemouth	LCC	28	35	1	ewilliams@kirk-hardy.com	180
Salinas, Rasmussen and Camacho Airlines	United States Minor Outlying Islands	Lake Jamesmouth	ULCC	31	21	2	thompsontara@richards.com	451
Mccoy-Martinez Airlines	Saint Helena	Rogersfort	LCC	40	34	5	mooreheather@yahoo.com	427
Ortiz-Brewer Airlines	Syrian Arab Republic	West Cynthiafurt	LCC	39	36	11	joshua30@yahoo.com	391
Obrien Group Airlines	Senegal	Shepardside	Legacy	43	18	7	sue38@gmail.com	389
Hale, Morales and Mitchell Airlines	Bahamas	Michaelfurt	ULCC	34	31	14	fjones@gmail.com	244
Davis Inc Airlines	Monaco	Patrickfurt	Legacy	31	26	1	osparks@jones-osborn.info	567
Holder PLC Airlines	Namibia	East Samantha	Legacy	37	28	13	rayrussell@deleon-campbell.net	237
Green Group Airlines	Trinidad and Tobago	Lake John	Legacy	24	25	6	kyliewong@gmail.com	299
Meyer, Harvey and Johnson Airlines	Namibia	South Zachary	ULCC	50	20	4	bendercynthia@hotmail.com	253
Barr Ltd Airlines	Luxembourg	Lucasside	Legacy	21	26	10	morganamanda@hotmail.com	132
Sandoval Group Airlines	Azerbaijan	New Susanmouth	ULCC	20	27	6	glong@mccarthy.com	95
Moore, Snow and Owen Airlines	Tokelau	North Nathanview	LCC	24	20	9	robertstewart@hotmail.com	532
Rose-Thomas Airlines	Zambia	Charlesside	LCC	26	20	5	elliottthomas@riley-romero.com	371
Miller-Lane Airlines	Turkey	West Peter	LCC	46	30	9	matthewwallace@hayes-bennett.com	105
Campbell, Peters and Mccoy Airlines	Aruba	Kimberlyborough	LCC	35	20	9	chelsealopez@pierce.biz	469
Adams, Richmond and Flores Airlines	Korea	West Gregorychester	LCC	40	22	3	elizabethsmith@hotmail.com	520
Frederick-Hawkins Airlines	Mayotte	New Diana	ULCC	48	28	3	ryan69@hughes-avila.info	260
Smith, Williams and Mccall Airlines	Eritrea	Cooperborough	ULCC	46	26	9	dianeporter@gmail.com	74
Morris-Kaufman Airlines	Poland	East Darrellborough	ULCC	50	25	13	cynthia96@paul-atkinson.info	77
Hendrix LLC Airlines	Philippines	Lake Erin	LCC	34	26	13	rlarson@oconnor.net	95
Nolan Inc Airlines	Djibouti	North Gabrielle	ULCC	38	18	11	julie60@gmail.com	564
Hayes, Berry and Williams Airlines	Lebanon	Brownbury	LCC	33	27	6	omorris@yahoo.com	457
Martin Group Airlines	Greenland	North Jenniferside	LCC	30	15	8	robinsonbryan@gmail.com	535
Ford-Mills Airlines	Brazil	Matthewside	ULCC	36	24	12	bryan79@williams-galloway.com	594
Torres PLC Airlines	Qatar	East Anthony	ULCC	32	39	12	eyang@hotmail.com	212
Curtis, Johnson and Young Airlines	Mexico	Gilesside	Legacy	33	35	8	josetyler@gmail.com	415
Williams, Meyer and Willis Airlines	Georgia	South Amberport	ULCC	30	36	10	baileyjoshua@yahoo.com	426
Lopez Inc Airlines	Iraq	Rosefurt	ULCC	45	36	5	davidlewis@yahoo.com	50
Davis LLC Airlines	Reunion	Port Larry	Legacy	26	27	14	diana17@chan.info	538